,accuracy,precision,recall,f1,auc
Logistic Regression,0.83,0.8888888888888888,0.7692307692307693,0.8247422680412371,0.9210737179487178
Decision Tree,0.65,0.660377358490566,0.6730769230769231,0.6666666666666666,0.6756810897435898
Random Forest,0.69,0.723404255319149,0.6538461538461539,0.6868686868686869,0.8335336538461539
SVM,0.74,0.8095238095238095,0.6538461538461539,0.723404255319149,0.8741987179487181
KNN,0.68,0.7,0.6730769230769231,0.6862745098039216,0.774238782051282
